,imagens,escalas,escalas_acumuladas
count,63.0,63.0,63.0
mean,31.0,1.084138613264986,15.704888378204192
std,18.33030277982336,0.06162758165758989,29.69755110741821
min,0.0,1.0,1.0
25%,15.5,1.034069272810302,1.3617073660795596
50%,31.0,1.0756808574730843,2.7600027512938596
75%,46.5,1.1202709249144123,12.822531135871795
max,62.0,1.2177105861252855,147.10405784273266
